{"screenplay":"Default","speechAudioClip":{"instanceID":0},"storyBeatList":[{"name":"SB_Default_1","targetPosition":{"x":4.109619617462158,"y":-7.580278501224515e-17,"z":3.413853883743286},"previousPosition":{"x":-0.00003520628160913475,"y":0.01572296768426895,"z":-0.00005135427272762172},"audioControlCommand":0},{"name":"SB_Default_2","targetPosition":{"x":-2.4337615966796877,"y":2.5479376401952445e-17,"z":-1.147489070892334},"previousPosition":{"x":-0.000028841077437391505,"y":0.01572296768426895,"z":0.000012126222827646416},"audioControlCommand":1}]}