{"screenplay":"Default","speechAudioClip":{"instanceID":0},"storyBeatList":[{"name":"SB_Default_1","targetPosition":{"x":-0.032033827155828479,"y":-8.549534332300671e-17,"z":3.850368022918701},"previousPosition":{"x":4.5644917488098148,"y":0.01572296768426895,"z":4.337607383728027},"audioControlCommand":0,"animationName":""},{"name":"SB_Default_2","targetPosition":{"x":-2.4337615966796877,"y":2.5479376401952445e-17,"z":-1.147489070892334},"previousPosition":{"x":-0.000028841077437391505,"y":0.01572296768426895,"z":0.000012126222827646416},"audioControlCommand":1,"animationName":""}]}