{"screenplay":"Default","speechAudioClip":{"instanceID":0},"storyBeatList":[{"name":"SB_Default_1","targetPosition":{"x":4.261893272399902,"y":-8.696759246445309e-17,"z":3.9166722297668459},"previousPosition":{"x":-2.923281669616699,"y":0.01572296768426895,"z":-1.1149510145187379},"audioControlCommand":0},{"name":"SB_Default_2","targetPosition":{"x":-2.4337615966796877,"y":2.5479376401952445e-17,"z":-1.147489070892334},"previousPosition":{"x":-0.000028841077437391505,"y":0.01572296768426895,"z":0.000012126222827646416},"audioControlCommand":1}]}