{"screenplay":"Default","speechAudioClip":{"instanceID":0},"storyBeatList":[{"name":"SB_Default_1","targetPosition":{"x":-2.931513547897339,"y":2.3901714671964757e-17,"z":-1.0764374732971192},"previousPosition":{"x":0.0,"y":0.01572296768426895,"z":1.18094350938348e-17},"speechAudioClip":{"instanceID":0}}],"hi":""}