{"screenplay":"Default","speechAudioClip":{"instanceID":0},"storyBeatList":[{"name":"SB_Default_1","targetPosition":{"x":-2.657907485961914,"y":3.656946628378969e-17,"z":-1.646942377090454},"previousPosition":{"x":0.0,"y":0.01572296768426895,"z":0.0},"audioControlCommand":1},{"name":"SB_Default_2","targetPosition":{"x":3.0780351161956789,"y":-4.2173168256305678e-17,"z":1.89931058883667},"previousPosition":{"x":-2.657907485961914,"y":0.01572296768426895,"z":-1.646942377090454},"audioControlCommand":0},{"name":"SB_Default_3","targetPosition":{"x":-3.139777660369873,"y":-4.0805567388514606e-17,"z":1.837719202041626},"previousPosition":{"x":3.0780351161956789,"y":0.01572296768426895,"z":1.89931058883667},"audioControlCommand":2},{"name":"SB_Default_4","targetPosition":{"x":0.7631820440292358,"y":3.0472334532273578e-17,"z":-1.372352123260498},"previousPosition":{"x":-3.139777660369873,"y":0.01572296768426895,"z":1.837719202041626},"audioControlCommand":1}]}