{"screenplay":"Default","speechAudioClip":{"instanceID":0},"storyBeatList":[{"name":"SB_Default_1","targetPosition":{"x":-2.973834276199341,"y":-3.558720915871767e-17,"z":1.6027053594589234},"previousPosition":{"x":-0.44760119915008547,"y":0.01572296768426895,"z":-1.5075221061706544},"speechAudioClip":{"instanceID":0}}],"hi":""}