{"screenplay":"Default","speechAudioClip":{"instanceID":0},"storyBeatList":[{"name":"SB_Default_1","targetPosition":{"x":-2.1417534351348879,"y":3.699604663440574e-17,"z":-1.6661536693572999},"previousPosition":{"x":0.0,"y":0.01572296768426895,"z":0.0},"audioControlCommand":0,"animationName":""},{"name":"SB_Default_2","targetPosition":{"x":-2.4337615966796877,"y":2.5479376401952445e-17,"z":-1.147489070892334},"previousPosition":{"x":-0.000028841077437391505,"y":0.01572296768426895,"z":0.000012126222827646416},"audioControlCommand":1,"animationName":""}]}