{"screenplay":"Default","speechAudioClip":{"instanceID":0},"storyBeatList":[{"name":"SB_Default_1","targetPosition":{"x":-2.6819324493408205,"y":2.6597866865189498e-17,"z":-1.1978614330291749},"previousPosition":{"x":0.0,"y":0.01572296768426895,"z":3.2381546381794464e-18},"speechAudioClip":{"instanceID":0}}],"hi":""}