{"screenplay":"Default","speechAudioClip":{"instanceID":0},"storyBeatList":[{"name":"SB_Default_1","targetPosition":{"x":4.25381326675415,"y":-8.998316210557641e-17,"z":4.052481174468994},"previousPosition":{"x":-3.0627617835998537,"y":0.01572296768426895,"z":-1.5373066663742066},"audioControlCommand":0},{"name":"SB_Default_2","targetPosition":{"x":-2.4337615966796877,"y":2.5479376401952445e-17,"z":-1.147489070892334},"previousPosition":{"x":-0.000028841077437391505,"y":0.01572296768426895,"z":0.000012126222827646416},"audioControlCommand":1}]}