{"screenplay":"Default","speechAudioClip":{"instanceID":0},"storyBeatList":[{"name":"SB_Default_1","targetPosition":{"x":4.1907639503479,"y":-9.46923145677306e-17,"z":4.264562606811523},"previousPosition":{"x":-2.711516857147217,"y":0.01572296768426895,"z":-1.5623396635055543},"audioControlCommand":0,"animationName":""},{"name":"SB_Default_2","targetPosition":{"x":-2.4337615966796877,"y":2.5479376401952445e-17,"z":-1.147489070892334},"previousPosition":{"x":-0.000028841077437391505,"y":0.01572296768426895,"z":0.000012126222827646416},"audioControlCommand":1,"animationName":""}]}