{"screenplay":"Default","speechAudioClip":{"instanceID":0},"storyBeatList":[{"name":"SB_Default_1","targetPosition":{"x":4.81556510925293,"y":-1.0664011133544653e-16,"z":4.802643775939941},"previousPosition":{"x":-2.8870091438293459,"y":0.01572296768426895,"z":-1.2313108444213868},"audioControlCommand":0,"animationName":""},{"name":"SB_Default_2","targetPosition":{"x":-2.4337615966796877,"y":2.5479376401952445e-17,"z":-1.147489070892334},"previousPosition":{"x":-0.000028841077437391505,"y":0.01572296768426895,"z":0.000012126222827646416},"audioControlCommand":1,"animationName":""}]}