{"name":"SB_Default_2","targetPosition":{"x":0.006391392555087805,"y":4.391081002548357e-17,"z":-1.9775670766830445},"previousPosition":{"x":-0.00005299262556945905,"y":0.01572296768426895,"z":-0.00007753854879410937},"audioControlCommand":0,"animationName":"","facialExpressionName":""}