{"name":"SB_Default_2","targetPosition":{"x":0.03129738196730614,"y":2.276056607738865e-17,"z":-1.0250447988510132},"previousPosition":{"x":-0.00008224026532843709,"y":0.01572296768426895,"z":2.5397651195526125},"audioControlCommand":0,"animationName":""}