{"name":"SB_stCrispinsDay_4","targetPosition":{"x":-0.06807214766740799,"y":2.831038550480293e-17,"z":-1.2749863862991334},"previousPosition":{"x":-3.697544574737549,"y":0.01572296768426895,"z":2.135300397872925},"audioControlCommand":0,"animationName":""}