{"name":"SB_stCrispinsDay_4","targetPosition":{"x":-0.007903794758021832,"y":3.1814947928120648e-17,"z":-1.4328179359436036},"previousPosition":{"x":-0.00010037943866336718,"y":0.01572296768426895,"z":-0.0002442468248773366},"audioControlCommand":0,"animationName":""}