{"name":"SB_stCrispinsDay_2","targetPosition":{"x":0.0,"y":4.779796333444176e-17,"z":-2.1526288986206056},"previousPosition":{"x":0.0,"y":0.01572296768426895,"z":0.0},"audioControlCommand":0}