{"name":"SB_stCrispinsDay_3","targetPosition":{"x":-3.697544574737549,"y":-4.7413192000706598e-17,"z":2.135300397872925},"previousPosition":{"x":4.065402507781982,"y":0.01572296768426895,"z":3.6180245876312258},"audioControlCommand":0,"animationName":""}