{"name":"SB_stCrispinsDay_3","targetPosition":{"x":-4.333592414855957,"y":-3.3034304795252417e-17,"z":1.4877328872680665},"previousPosition":{"x":-0.00006441852747229859,"y":0.01572296768426895,"z":-0.00018454577366355807},"audioControlCommand":0,"animationName":""}