{"name":"SB_stCrispinsDay_2","targetPosition":{"x":-0.36178600788116457,"y":-6.521674590847322e-17,"z":2.937101125717163},"previousPosition":{"x":4.419740676879883,"y":0.01572296768426895,"z":3.9725940227508547},"audioControlCommand":0,"animationName":""}