{"name":"SB_stCrispinsDay_2","targetPosition":{"x":4.065402507781982,"y":-8.033629063440738e-17,"z":3.6180245876312258},"previousPosition":{"x":-0.000035243123420514166,"y":0.01572296768426895,"z":-0.00008935698861023411},"audioControlCommand":0,"animationName":""}