{"name":"SB_stCrispinsDay_2","targetPosition":{"x":-2.675013780593872,"y":-1.1147826261412836e-18,"z":0.05020534619688988},"previousPosition":{"x":-0.000033434709621360525,"y":0.01572296768426895,"z":2.5399386882781984},"audioControlCommand":0,"animationName":""}