{"name":"SB_stCrispinsDay_2","targetPosition":{"x":-0.07143358886241913,"y":2.2838039813560368e-17,"z":-1.028533935546875},"previousPosition":{"x":-3.341243267059326,"y":0.01572296768426895,"z":-0.19828581809997559},"audioControlCommand":0,"animationName":""}