{"name":"SB_stCrispinsDay_2","targetPosition":{"x":4.152649879455566,"y":-8.261920324593533e-17,"z":3.7208378314971926},"previousPosition":{"x":-0.00003087412187596783,"y":0.01572296768426895,"z":-0.00009773214696906507},"audioControlCommand":0,"animationName":""}