{"name":"SB_tears_in_rain_5","targetPosition":{"x":-0.057627689093351367,"y":0.01572296768426895,"z":-0.7772341966629028},"previousPosition":{"x":4.419740676879883,"y":0.01572296768426895,"z":3.9725940227508547},"audioControlCommand":0,"animationName":""}