{"name":"SB_tears_in_rain_3","targetPosition":{"x":-4.4821014404296879,"y":-9.469227486306119e-17,"z":4.264560699462891},"previousPosition":{"x":-0.007903794758021832,"y":0.01572296768426895,"z":-1.4328179359436036},"audioControlCommand":0,"animationName":""}