{"name":"SB_tears_in_rain_4","targetPosition":{"x":4.32456636428833,"y":-8.549533670556181e-17,"z":3.850367307662964},"previousPosition":{"x":-0.007903794758021832,"y":0.01572296768426895,"z":-1.4328179359436036},"audioControlCommand":0,"animationName":""}