{"name":"SB_tears_in_rain_2","targetPosition":{"x":-0.04091114550828934,"y":2.1458711179044519e-17,"z":-0.9664144515991211},"previousPosition":{"x":-0.000029678389182663523,"y":0.01572296768426895,"z":2.539933681488037},"audioControlCommand":0,"animationName":""}