{"name":"SB_tears_in_rain_2","targetPosition":{"x":0.006698317360132933,"y":4.2327778238959189e-17,"z":-1.906273603439331},"previousPosition":{"x":5.632716515435732e-12,"y":0.01572296768426895,"z":1.9096362758931878e-17},"audioControlCommand":0}