{"name":"SB_tears_in_rain_3","targetPosition":{"x":0.017843259498476983,"y":3.849986429674959e-17,"z":-1.7338796854019166},"previousPosition":{"x":-3.4394240379333498,"y":0.01572296768426895,"z":-0.03430504351854324},"audioControlCommand":0,"animationName":""}