{"name":"SB_tears_in_rain_2","targetPosition":{"x":-4.444394111633301,"y":-1.888167795711109e-17,"z":0.8503551483154297},"previousPosition":{"x":-0.007903794758021832,"y":0.01572296768426895,"z":-1.4328179359436036},"audioControlCommand":0,"animationName":""}