{"name":"SB_tears_in_rain_6","targetPosition":{"x":0.07840582728385925,"y":0.1122899055480957,"z":-1.7376036643981934},"previousPosition":{"x":-0.007903794758021832,"y":0.01572296768426895,"z":-1.4328179359436036},"audioControlCommand":0,"animationName":""}