{"name":"SB_tears_in_rain_5","targetPosition":{"x":3.0447115898132326,"y":2.688398533034914e-17,"z":-1.2107470035552979},"previousPosition":{"x":-0.007903794758021832,"y":0.01572296768426895,"z":-1.4328179359436036},"audioControlCommand":0,"animationName":""}