{"name":"SB_tears_in_rain_2","targetPosition":{"x":-0.2551248073577881,"y":1.9837907017028515e-17,"z":-0.8934199213981628},"previousPosition":{"x":-0.00002988758024002891,"y":0.01572296768426895,"z":-0.00007234075019368902},"audioControlCommand":0,"animationName":""}