{"name":"SB_tears_in_rain_4","targetPosition":{"x":0.024980543181300165,"y":4.0935993918779517e-17,"z":-1.8435932397842408},"previousPosition":{"x":4.419740676879883,"y":0.01572296768426895,"z":3.9725940227508547},"audioControlCommand":0,"animationName":""}