{"screenplay":"stCrispinsDay","speechAudioClip":{"instanceID":0},"storyBeatList":[{"name":"SB_stCrispinsDay_1","targetPosition":{"x":0.009829667396843434,"y":4.359306348242235e-17,"z":-1.963257074356079},"previousPosition":{"x":4.549614429473877,"y":0.01572296768426895,"z":4.487382411956787},"audioControlCommand":2,"animationName":""},{"name":"SB_stCrispinsDay_2","targetPosition":{"x":0.0,"y":4.779796333444176e-17,"z":-2.1526288986206056},"previousPosition":{"x":0.0,"y":0.01572296768426895,"z":0.0},"audioControlCommand":1,"animationName":""}]}