{"screenplay":"stCrispinsDay","speechAudioClip":{"instanceID":0},"storyBeatList":[{"name":"SB_stCrispinsDay_1","targetPosition":{"x":-4.144250392913818,"y":-8.531711567950358e-17,"z":3.842341184616089},"previousPosition":{"x":-0.18356478214263917,"y":0.01572296768426895,"z":0.45294979214668276},"audioControlCommand":""},{"name":"SB_stCrispinsDay_2","targetPosition":{"x":3.329493284225464,"y":2.5847041640620015e-17,"z":-1.164047360420227},"previousPosition":{"x":-4.144250392913818,"y":0.01572296768426895,"z":3.842341184616089},"audioControlCommand":""},{"name":"SB_stCrispinsDay_3","targetPosition":{"x":4.453976154327393,"y":-9.517455424740411e-17,"z":4.286281108856201},"previousPosition":{"x":3.329493284225464,"y":0.01572296768426895,"z":-1.164047360420227},"audioControlCommand":""},{"name":"SB_stCrispinsDay_4","targetPosition":{"x":-3.3287034034729006,"y":2.8410629868877009e-17,"z":-1.279500961303711},"previousPosition":{"x":4.453976154327393,"y":0.01572296768426895,"z":4.286281108856201},"audioControlCommand":""}]}