{"screenplay":"stCrispinsDay","speechAudioClip":{"instanceID":0},"storyBeatList":[{"name":"SB_stCrispinsDay_1","targetPosition":{"x":4.152649879455566,"y":-8.261920324593533e-17,"z":3.7208378314971926},"previousPosition":{"x":-0.00003087412187596783,"y":0.01572296768426895,"z":-0.00009773214696906507},"audioControlCommand":0,"animationName":""},{"name":"SB_stCrispinsDay_2","targetPosition":{"x":-4.333592414855957,"y":-3.3034304795252417e-17,"z":1.4877328872680665},"previousPosition":{"x":-0.00006441852747229859,"y":0.01572296768426895,"z":-0.00018454577366355807},"audioControlCommand":0,"animationName":""},{"name":"SB_stCrispinsDay_3","targetPosition":{"x":-0.007903794758021832,"y":3.1814947928120648e-17,"z":-1.4328179359436036},"previousPosition":{"x":-0.00010037943866336718,"y":0.01572296768426895,"z":-0.0002442468248773366},"audioControlCommand":0,"animationName":""},{"name":"SB_stCrispinsDay_4","targetPosition":{"x":-0.007903794758021832,"y":3.1814947928120648e-17,"z":-1.4328179359436036},"previousPosition":{"x":-0.00010037943866336718,"y":0.01572296768426895,"z":-0.0002442468248773366},"audioControlCommand":1,"animationName":"DropToKnees"}]}