{"screenplay":"stCrispinsDay","speechAudioClip":{"instanceID":0},"storyBeatList":[{"name":"SB_stCrispinsDay_1","targetPosition":{"x":3.521740436553955,"y":1.9244737454127964e-17,"z":-0.8667058944702148},"previousPosition":{"x":-3.0831665992736818,"y":0.01572296768426895,"z":-1.4168200492858887},"speechAudioClip":{"instanceID":0}}],"hi":""}