{"screenplay":"stCrispinsDay","speechAudioClip":{"instanceID":0},"storyBeatList":[{"name":"SB_stCrispinsDay_1","targetPosition":{"x":-4.304286003112793,"y":-2.8443346516464707e-17,"z":1.2809743881225587},"previousPosition":{"x":-0.03989570587873459,"y":0.01572296768426895,"z":0.34328049421310427},"speechAudioClip":{"instanceID":0}},{"name":"SB_stCrispinsDay_2","targetPosition":{"x":-0.01852298714220524,"y":-1.0050563403363487e-16,"z":4.526371002197266},"previousPosition":{"x":-4.304286003112793,"y":0.01572296768426895,"z":1.2809743881225587},"speechAudioClip":{"instanceID":0}},{"name":"SB_stCrispinsDay_3","targetPosition":{"x":3.8898236751556398,"y":-2.7324869288117453e-17,"z":1.230602741241455},"previousPosition":{"x":-0.01852298714220524,"y":0.01572296768426895,"z":4.526371002197266},"speechAudioClip":{"instanceID":0}},{"name":"SB_stCrispinsDay_4","targetPosition":{"x":0.05684510990977287,"y":3.8980949232287986e-17,"z":-1.7555458545684815},"previousPosition":{"x":3.8898236751556398,"y":0.01572296768426895,"z":1.230602741241455},"speechAudioClip":{"instanceID":0}}],"hi":""}