{"screenplay":"stCrispinsDay","speechAudioClip":{"instanceID":0},"storyBeatList":[{"name":"SB_stCrispinsDay_1","targetPosition":{"x":-3.0831665992736818,"y":3.1459726794588326e-17,"z":-1.4168200492858887},"previousPosition":{"x":4.1370158195495609,"y":0.01572296768426895,"z":4.058582782745361},"speechAudioClip":{"instanceID":0}}],"hi":""}