{"screenplay":"stCrispinsDay","speechAudioClip":{"instanceID":0},"storyBeatList":[{"name":"SB_stCrispinsDay_1","targetPosition":{"x":4.065402507781982,"y":-8.033629063440738e-17,"z":3.6180245876312258},"previousPosition":{"x":-0.000035243123420514166,"y":0.01572296768426895,"z":-0.00008935698861023411},"audioControlCommand":0,"animationName":""},{"name":"SB_stCrispinsDay_2","targetPosition":{"x":-3.697544574737549,"y":-4.7413192000706598e-17,"z":2.135300397872925},"previousPosition":{"x":4.065402507781982,"y":0.01572296768426895,"z":3.6180245876312258},"audioControlCommand":0,"animationName":""},{"name":"SB_stCrispinsDay_3","targetPosition":{"x":-0.06807214766740799,"y":2.831038550480293e-17,"z":-1.2749863862991334},"previousPosition":{"x":-3.697544574737549,"y":0.01572296768426895,"z":2.135300397872925},"audioControlCommand":0,"animationName":""},{"name":"SB_stCrispinsDay_4","targetPosition":{"x":-0.06807214766740799,"y":2.831038550480293e-17,"z":-1.2749863862991334},"previousPosition":{"x":-3.697544574737549,"y":0.01572296768426895,"z":2.135300397872925},"audioControlCommand":1,"animationName":"DropToKnees"}]}