{"screenplay":"stCrispinsDay","speechAudioClip":{"instanceID":0},"storyBeatList":[{"name":"SB_stCrispinsDay_1","targetPosition":{"x":-0.024715986102819444,"y":2.8895241902547326e-17,"z":-1.301326036453247},"previousPosition":{"x":0.0,"y":0.01572296768426895,"z":0.0},"audioControlCommand":0,"animationName":""},{"name":"SB_stCrispinsDay_2","targetPosition":{"x":-0.024715986102819444,"y":2.8895241902547326e-17,"z":-1.301326036453247},"previousPosition":{"x":0.0,"y":0.01572296768426895,"z":0.0},"audioControlCommand":1,"animationName":""}]}