{"screenplay":"stCrispinsDay","speechAudioClip":{"instanceID":0},"storyBeatList":[{"name":"SB_stCrispinsDay_1","targetPosition":{"x":-0.059997379779815677,"y":6.191683789486847e-17,"z":-2.7884862422943117},"previousPosition":{"x":-0.00003274029222666286,"y":0.01572296768426895,"z":-0.0000633081654086709},"audioControlCommand":1,"animationName":"","facialExpressionName":"angry"}]}