{"name":"storybeat.json","targetPosition":{"x":-2.7745323181152345,"y":2.0569887412882815e-17,"z":-0.9263853430747986},"previousPosition":{"x":0.0,"y":0.01572296768426895,"z":1.657895271555127e-17},"speechAudioClip":{"instanceID":0}}