{"name":"storybeat_1.json","targetPosition":{"x":3.7148571014404299,"y":-9.233755139383507e-18,"z":0.415851354598999},"previousPosition":{"x":0.791010856628418,"y":0.01572296768426895,"z":1.1302319765090943},"speechAudioClip":{"instanceID":17924}}