{"screenplay":"tears_in_rain","speechAudioClip":{"instanceID":0},"storyBeatList":[{"name":"SB_tears_in_rain_1","targetPosition":{"x":-0.01380409300327301,"y":4.0550891712799329e-17,"z":-1.8262498378753663},"previousPosition":{"x":-0.00006626355752814561,"y":0.01572296768426895,"z":-0.0001590963511262089},"audioControlCommand":2},{"name":"SB_tears_in_rain_2","targetPosition":{"x":0.006698317360132933,"y":4.2327778238959189e-17,"z":-1.906273603439331},"previousPosition":{"x":5.632716515435732e-12,"y":0.01572296768426895,"z":1.9096362758931878e-17},"audioControlCommand":1}]}