{"screenplay":"tears_in_rain","speechAudioClip":{"instanceID":0},"storyBeatList":[{"name":"SB_tears_in_rain_1","targetPosition":{"x":-4.332347393035889,"y":-9.152724361141689e-17,"z":4.122020244598389},"previousPosition":{"x":-0.2593216896057129,"y":0.01572296768426895,"z":-0.7649005055427551},"audioControlCommand":2,"animationName":""},{"name":"SB_tears_in_rain_2","targetPosition":{"x":-0.22935667634010316,"y":-1.829581033106785e-18,"z":0.08239700645208359},"previousPosition":{"x":-4.332347393035889,"y":0.01572296768426895,"z":4.122020244598389},"audioControlCommand":1,"animationName":""}]}