{"screenplay":"tears_in_rain","speechAudioClip":{"instanceID":0},"storyBeatList":[{"name":"SB_tears_in_rain_1","targetPosition":{"x":4.257745742797852,"y":-8.768729915437833e-17,"z":3.949084758758545},"previousPosition":{"x":3.521740436553955,"y":0.01572296768426895,"z":-0.8667058944702148},"speechAudioClip":{"instanceID":0}}],"hi":""}