{"screenplay":"tears_in_rain","speechAudioClip":{"instanceID":0},"storyBeatList":[{"name":"SB_tears_in_rain_1","targetPosition":{"x":-3.463257074356079,"y":-5.978513224495399e-18,"z":0.26924827694892886},"previousPosition":{"x":0.006698317360132933,"y":0.01572296768426895,"z":-1.906273603439331},"audioControlCommand":2,"animationName":""},{"name":"SB_tears_in_rain_2","targetPosition":{"x":-0.23103222250938416,"y":4.8012701903002368e-18,"z":-0.21622997522354127},"previousPosition":{"x":-3.463257074356079,"y":0.01572296768426895,"z":0.26924827694892886},"audioControlCommand":1,"animationName":""}]}