{"screenplay":"tears_in_rain","speechAudioClip":{"instanceID":0},"storyBeatList":[{"name":"SB_tears_in_rain_1","targetPosition":{"x":2.8630728721618654,"y":3.304513093510951e-17,"z":-1.4882203340530396},"previousPosition":{"x":4.1370158195495609,"y":0.01572296768426895,"z":4.058582782745361},"speechAudioClip":{"instanceID":0}}],"hi":""}