{"screenplay":"tears_in_rain","speechAudioClip":{"instanceID":0},"storyBeatList":[{"name":"SB_tears_in_rain_1","targetPosition":{"x":-1.65829336643219,"y":-1.8282038187459149e-17,"z":0.8233497738838196},"previousPosition":{"x":-0.00002869077434297651,"y":0.01572296768426895,"z":2.5399343967437746},"audioControlCommand":2,"animationName":""},{"name":"SB_tears_in_rain_2","targetPosition":{"x":-2.806529998779297,"y":0.01572296768426895,"z":-1.2516223192214966},"previousPosition":{"x":-3.4394240379333498,"y":0.01572296768426895,"z":-0.03430504351854324},"audioControlCommand":1,"animationName":""},{"name":"SB_tears_in_rain_3","targetPosition":{"x":-2.806529998779297,"y":0.01572296768426895,"z":-1.2516223192214966},"previousPosition":{"x":-3.4394240379333498,"y":0.01572296768426895,"z":-0.03430504351854324},"audioControlCommand":0,"animationName":""}]}