{"screenplay":"tears_in_rain","speechAudioClip":{"instanceID":0},"storyBeatList":[{"name":"SB_tears_in_rain_1","targetPosition":{"x":0.008671506308019162,"y":2.026321020077878e-17,"z":-0.9125738739967346},"previousPosition":{"x":-0.00003412172009120695,"y":0.01572296768426895,"z":2.539902448654175},"audioControlCommand":1,"animationName":""}]}